workload,variant,structure,n,time_ms,steps,moves,comparisons
W1,none,DynamicArray,100,0,10000,0,0
W1,none,MyLinkedList,100,0,255376,0,0
W2,none,DynamicArray,100,0,75219,0,75219
W2,none,MyLinkedList,100,0,75219,0,75219
W3,head,DynamicArray,100,0,202000,201000,0
W3,head,MyLinkedList,100,0,3000,3000,0
W3,middle,DynamicArray,100,0,102000,101000,0
W3,middle,MyLinkedList,100,0,103000,5000,0
W4,none,MinHeap,100,0,1382,1357,863
W1,none,DynamicArray,1000,0,10000,0,0
W1,none,MyLinkedList,1000,2,2516856,0,0
W2,none,DynamicArray,1000,0,744226,0,744226
W2,none,MyLinkedList,1000,1,744226,0,744226
W3,head,DynamicArray,1000,0,2002000,2001000,0
W3,head,MyLinkedList,1000,0,3000,3000,0
W3,middle,DynamicArray,1000,0,1002000,1001000,0
W3,middle,MyLinkedList,1000,1,1003000,5000,0
W4,none,MinHeap,1000,0,23340,23032,14996
W1,none,DynamicArray,10000,0,10000,0,0
W1,none,MyLinkedList,10000,28,24994083,0,0
W2,none,DynamicArray,10000,4,7524608,0,7524608
W2,none,MyLinkedList,10000,15,7524608,0,7524608
W3,head,DynamicArray,10000,0,20002000,20001000,0
W3,head,MyLinkedList,10000,0,3000,3000,0
W3,middle,DynamicArray,10000,0,10002000,10001000,0
W3,middle,MyLinkedList,10000,11,10003000,5000,0
W4,none,MinHeap,10000,0,333250,330157,216531
W1,none,DynamicArray,100000,0,10000,0,0
W1,none,MyLinkedList,100000,369,250988025,0,0
W2,none,DynamicArray,100000,24,75348662,0,75348662
W2,none,MyLinkedList,100000,119,75348662,0,75348662
W3,head,DynamicArray,100000,9,200002000,200001000,0
W3,head,MyLinkedList,100000,0,3000,3000,0
W3,middle,DynamicArray,100000,4,100002000,100001000,0
W3,middle,MyLinkedList,100000,114,100003000,5000,0
W4,none,MinHeap,100000,7,4332325,4302697,2831426
